{"ongoing_trials": {}, "hyperparameters": {"space": [{"class_name": "Choice", "config": {"name": "embeddim", "default": 128, "conditions": [], "values": [128], "ordered": true}}, {"class_name": "Choice", "config": {"name": "units", "default": 32, "conditions": [], "values": [32, 64], "ordered": true}}, {"class_name": "Choice", "config": {"name": "dropout", "default": 0.25, "conditions": [], "values": [0.25, 0.5], "ordered": true}}, {"class_name": "Choice", "config": {"name": "learning_rate", "default": 0.001, "conditions": [], "values": [0.001, 0.0001], "ordered": true}}], "values": {"embeddim": 128, "units": 32, "dropout": 0.25, "learning_rate": 0.001}}, "start_order": ["0000", "0001", "0002", "0003", "0004", "0005", "0006", "0007"], "end_order": ["0000", "0001", "0002", "0003", "0004", "0005", "0006", "0007"], "run_times": {"0000": 1, "0001": 1, "0002": 1, "0003": 1, "0004": 1, "0005": 1, "0006": 1, "0007": 1}, "retry_queue": [], "seed": 1483, "seed_state": 1527, "tried_so_far": ["a98a3cf28bf7042a4086b1e42cae81d6", "88a6d96bc72518972116f61fadaedbe8", "13ee32403feaa2ed5c97cba49a3c9569", "531ba319b228eefa06b30693e33c842c", "c55aa35dab2685aa3add323d7122d51a", "1ec0d10ee90b3e6fbc31bcee7cb1401d", "1cf57f47623d65b0ef7309fc91ada4d8", "9229b98d66f2c9d54cb9d3a0a65f7ac0"], "id_to_hash": {"0000": "1cf57f47623d65b0ef7309fc91ada4d8", "0001": "9229b98d66f2c9d54cb9d3a0a65f7ac0", "0002": "a98a3cf28bf7042a4086b1e42cae81d6", "0003": "13ee32403feaa2ed5c97cba49a3c9569", "0004": "531ba319b228eefa06b30693e33c842c", "0005": "1ec0d10ee90b3e6fbc31bcee7cb1401d", "0006": "c55aa35dab2685aa3add323d7122d51a", "0007": "88a6d96bc72518972116f61fadaedbe8"}, "display": {"search_start": "2024-06-07T12:31:43.785251", "trial_start": {"0000": "2024-06-07T12:31:43.785251", "0001": "2024-06-07T12:40:52.236935", "0002": "2024-06-07T12:50:16.271828", "0003": "2024-06-07T12:59:38.107083", "0004": "2024-06-07T13:08:55.543641", "0005": "2024-06-07T13:18:13.887752", "0006": "2024-06-07T13:32:05.666985", "0007": "2024-06-07T13:45:56.789633"}, "trial_number": {"0000": 1, "0001": 2, "0002": 3, "0003": 4, "0004": 5, "0005": 6, "0006": 7, "0007": 8}}, "hyperband_iterations": 1, "max_epochs": 5, "min_epochs": 1, "factor": 3, "brackets": [{"bracket_num": 0, "rounds": [[{"past_id": null, "id": "0007"}]]}], "current_bracket": 0, "current_iteration": 0}