{"trial_id": "0006", "hyperparameters": {"space": [{"class_name": "Choice", "config": {"name": "learning_rate", "default": 0.001, "conditions": [], "values": [0.001, 0.0001], "ordered": true}}, {"class_name": "Choice", "config": {"name": "filters", "default": 32, "conditions": [], "values": [32, 64], "ordered": true}}, {"class_name": "Choice", "config": {"name": "dropout", "default": 0.25, "conditions": [], "values": [0.25, 0.5], "ordered": true}}], "values": {"learning_rate": 0.0001, "filters": 64, "dropout": 0.5, "tuner/epochs": 5, "tuner/initial_epoch": 2, "tuner/bracket": 1, "tuner/round": 1, "tuner/trial_id": "0001"}}, "metrics": {"metrics": {"accuracy": {"direction": "max", "observations": [{"value": [0.8345901966094971], "step": 2}]}, "loss": {"direction": "min", "observations": [{"value": [0.4943241775035858], "step": 2}]}, "val_accuracy": {"direction": "max", "observations": [{"value": [0.8657546043395996], "step": 2}]}, "val_loss": {"direction": "min", "observations": [{"value": [0.4508711099624634], "step": 2}]}}}, "score": 0.8657546043395996, "best_step": 2, "status": "COMPLETED", "message": null}