{"trial_id": "0005", "hyperparameters": {"space": [{"class_name": "Choice", "config": {"name": "embeddim", "default": 128, "conditions": [], "values": [128], "ordered": true}}, {"class_name": "Choice", "config": {"name": "units", "default": 32, "conditions": [], "values": [32, 64], "ordered": true}}, {"class_name": "Choice", "config": {"name": "dropout", "default": 0.25, "conditions": [], "values": [0.25, 0.5], "ordered": true}}, {"class_name": "Choice", "config": {"name": "learning_rate", "default": 0.001, "conditions": [], "values": [0.001, 0.0001], "ordered": true}}], "values": {"embeddim": 128, "units": 64, "dropout": 0.25, "learning_rate": 0.001, "tuner/epochs": 5, "tuner/initial_epoch": 2, "tuner/bracket": 1, "tuner/round": 1, "tuner/trial_id": "0000"}}, "metrics": {"metrics": {"accuracy": {"direction": "max", "observations": [{"value": [0.7985019683837891], "step": 2}]}, "loss": {"direction": "min", "observations": [{"value": [0.5253130197525024], "step": 2}]}, "val_accuracy": {"direction": "max", "observations": [{"value": [0.9081512689590454], "step": 2}]}, "val_loss": {"direction": "min", "observations": [{"value": [0.2814350128173828], "step": 2}]}}}, "score": 0.9081512689590454, "best_step": 2, "status": "COMPLETED", "message": null}