{"trial_id": "0009", "hyperparameters": {"space": [{"class_name": "Choice", "config": {"name": "embeddim", "default": 128, "conditions": [], "values": [128], "ordered": true}}, {"class_name": "Choice", "config": {"name": "units", "default": 32, "conditions": [], "values": [32, 64], "ordered": true}}, {"class_name": "Choice", "config": {"name": "dropout", "default": 0.25, "conditions": [], "values": [0.25, 0.5], "ordered": true}}, {"class_name": "Choice", "config": {"name": "learning_rate", "default": 0.001, "conditions": [], "values": [0.001, 0.0001], "ordered": true}}], "values": {"embeddim": 128, "units": 32, "dropout": 0.5, "learning_rate": 0.001, "tuner/epochs": 5, "tuner/initial_epoch": 0, "tuner/bracket": 0, "tuner/round": 0}}, "metrics": {"metrics": {"accuracy": {"direction": "max", "observations": [{"value": [0.8669894933700562], "step": 4}]}, "loss": {"direction": "min", "observations": [{"value": [0.4251222312450409], "step": 4}]}, "val_accuracy": {"direction": "max", "observations": [{"value": [0.8930758833885193], "step": 4}]}, "val_loss": {"direction": "min", "observations": [{"value": [0.32067546248435974], "step": 4}]}}}, "score": 0.8930758833885193, "best_step": 4, "status": "COMPLETED", "message": null}