{"trial_id": "0001", "hyperparameters": {"space": [{"class_name": "Choice", "config": {"name": "learning_rate", "default": 0.001, "conditions": [], "values": [0.001, 0.0001], "ordered": true}}, {"class_name": "Choice", "config": {"name": "filters", "default": 32, "conditions": [], "values": [32, 64], "ordered": true}}, {"class_name": "Choice", "config": {"name": "dropout", "default": 0.25, "conditions": [], "values": [0.25, 0.5], "ordered": true}}], "values": {"learning_rate": 0.0001, "filters": 64, "dropout": 0.5, "tuner/epochs": 2, "tuner/initial_epoch": 0, "tuner/bracket": 1, "tuner/round": 0}}, "metrics": {"metrics": {"accuracy": {"direction": "max", "observations": [{"value": [0.762085497379303], "step": 1}]}, "loss": {"direction": "min", "observations": [{"value": [0.6591336131095886], "step": 1}]}, "val_accuracy": {"direction": "max", "observations": [{"value": [0.8252739906311035], "step": 1}]}, "val_loss": {"direction": "min", "observations": [{"value": [0.5888368487358093], "step": 1}]}}}, "score": 0.8252739906311035, "best_step": 1, "status": "COMPLETED", "message": null}