{"trial_id": "0008", "hyperparameters": {"space": [{"class_name": "Choice", "config": {"name": "embeddim", "default": 128, "conditions": [], "values": [128], "ordered": true}}, {"class_name": "Choice", "config": {"name": "units", "default": 32, "conditions": [], "values": [32, 64], "ordered": true}}, {"class_name": "Choice", "config": {"name": "dropout", "default": 0.25, "conditions": [], "values": [0.25, 0.5], "ordered": true}}, {"class_name": "Choice", "config": {"name": "learning_rate", "default": 0.001, "conditions": [], "values": [0.001, 0.0001], "ordered": true}}], "values": {"embeddim": 128, "units": 64, "dropout": 0.5, "learning_rate": 0.001, "tuner/epochs": 5, "tuner/initial_epoch": 0, "tuner/bracket": 0, "tuner/round": 0}}, "metrics": {"metrics": {"accuracy": {"direction": "max", "observations": [{"value": [0.8980376720428467], "step": 3}]}, "loss": {"direction": "min", "observations": [{"value": [0.31628531217575073], "step": 3}]}, "val_accuracy": {"direction": "max", "observations": [{"value": [0.9113963842391968], "step": 3}]}, "val_loss": {"direction": "min", "observations": [{"value": [0.2794680595397949], "step": 3}]}}}, "score": 0.9113963842391968, "best_step": 3, "status": "COMPLETED", "message": null}