{"trial_id": "0008", "hyperparameters": {"space": [{"class_name": "Choice", "config": {"name": "learning_rate", "default": 0.001, "conditions": [], "values": [0.001, 0.0001], "ordered": true}}, {"class_name": "Choice", "config": {"name": "filters", "default": 32, "conditions": [], "values": [32, 64], "ordered": true}}, {"class_name": "Choice", "config": {"name": "dropout", "default": 0.25, "conditions": [], "values": [0.25, 0.5], "ordered": true}}], "values": {"learning_rate": 0.001, "filters": 64, "dropout": 0.25, "tuner/epochs": 5, "tuner/initial_epoch": 0, "tuner/bracket": 0, "tuner/round": 0}}, "metrics": {"metrics": {"accuracy": {"direction": "max", "observations": [{"value": [0.8788890838623047], "step": 2}]}, "loss": {"direction": "min", "observations": [{"value": [0.5890272259712219], "step": 2}]}, "val_accuracy": {"direction": "max", "observations": [{"value": [0.8827760815620422], "step": 2}]}, "val_loss": {"direction": "min", "observations": [{"value": [0.5541472434997559], "step": 2}]}}}, "score": 0.8827760815620422, "best_step": 2, "status": "COMPLETED", "message": null}