{"trial_id": "0001", "hyperparameters": {"space": [{"class_name": "Choice", "config": {"name": "embeddim", "default": 128, "conditions": [], "values": [128], "ordered": true}}, {"class_name": "Choice", "config": {"name": "units", "default": 32, "conditions": [], "values": [32, 64], "ordered": true}}, {"class_name": "Choice", "config": {"name": "dropout", "default": 0.25, "conditions": [], "values": [0.25, 0.5], "ordered": true}}, {"class_name": "Choice", "config": {"name": "learning_rate", "default": 0.001, "conditions": [], "values": [0.001, 0.0001], "ordered": true}}], "values": {"embeddim": 128, "units": 64, "dropout": 0.5, "learning_rate": 0.001, "tuner/epochs": 2, "tuner/initial_epoch": 0, "tuner/bracket": 1, "tuner/round": 0}}, "metrics": {"metrics": {"accuracy": {"direction": "max", "observations": [{"value": [0.5736489295959473], "step": 1}]}, "loss": {"direction": "min", "observations": [{"value": [0.900292158126831], "step": 1}]}, "val_accuracy": {"direction": "max", "observations": [{"value": [0.6704949736595154], "step": 1}]}, "val_loss": {"direction": "min", "observations": [{"value": [0.6570751070976257], "step": 1}]}}}, "score": 0.6704949736595154, "best_step": 1, "status": "COMPLETED", "message": null}