{"trial_id": "0007", "hyperparameters": {"space": [{"class_name": "Choice", "config": {"name": "embeddim", "default": 128, "conditions": [], "values": [128], "ordered": true}}, {"class_name": "Choice", "config": {"name": "units", "default": 32, "conditions": [], "values": [32, 64], "ordered": true}}, {"class_name": "Choice", "config": {"name": "dropout", "default": 0.25, "conditions": [], "values": [0.25, 0.5], "ordered": true}}, {"class_name": "Choice", "config": {"name": "learning_rate", "default": 0.001, "conditions": [], "values": [0.001, 0.0001], "ordered": true}}], "values": {"embeddim": 128, "units": 32, "dropout": 0.5, "learning_rate": 0.0001, "tuner/epochs": 5, "tuner/initial_epoch": 0, "tuner/bracket": 0, "tuner/round": 0}}, "metrics": {"metrics": {"accuracy": {"direction": "max", "observations": [{"value": [0.36760222911834717], "step": 3}]}, "loss": {"direction": "min", "observations": [{"value": [1.2820459604263306], "step": 3}]}, "val_accuracy": {"direction": "max", "observations": [{"value": [0.4013976454734802], "step": 3}]}, "val_loss": {"direction": "min", "observations": [{"value": [1.1301597356796265], "step": 3}]}}}, "score": 0.4013976454734802, "best_step": 3, "status": "COMPLETED", "message": null}