{"trial_id": "0007", "hyperparameters": {"space": [{"class_name": "Choice", "config": {"name": "embeddim", "default": 128, "conditions": [], "values": [128], "ordered": true}}, {"class_name": "Choice", "config": {"name": "units", "default": 32, "conditions": [], "values": [32, 64], "ordered": true}}, {"class_name": "Choice", "config": {"name": "dropout", "default": 0.25, "conditions": [], "values": [0.25, 0.5], "ordered": true}}, {"class_name": "Choice", "config": {"name": "learning_rate", "default": 0.001, "conditions": [], "values": [0.001, 0.0001], "ordered": true}}], "values": {"embeddim": 128, "units": 32, "dropout": 0.25, "learning_rate": 0.001, "tuner/epochs": 5, "tuner/initial_epoch": 0, "tuner/bracket": 0, "tuner/round": 0}}, "metrics": {"metrics": {"accuracy": {"direction": "max", "observations": [{"value": [0.7702146768569946], "step": 0}]}, "loss": {"direction": "min", "observations": [{"value": [0.5924341082572937], "step": 0}]}, "val_accuracy": {"direction": "max", "observations": [{"value": [0.8630496263504028], "step": 0}]}, "val_loss": {"direction": "min", "observations": [{"value": [0.394171804189682], "step": 0}]}}}, "score": 0.8630496263504028, "best_step": 0, "status": "COMPLETED", "message": null}