{"trial_id": "0000", "hyperparameters": {"space": [{"class_name": "Choice", "config": {"name": "learning_rate", "default": 0.001, "conditions": [], "values": [0.001, 0.0001], "ordered": true}}, {"class_name": "Choice", "config": {"name": "filters", "default": 32, "conditions": [], "values": [32, 64], "ordered": true}}, {"class_name": "Choice", "config": {"name": "dropout", "default": 0.25, "conditions": [], "values": [0.25, 0.5], "ordered": true}}], "values": {"learning_rate": 0.0001, "filters": 32, "dropout": 0.5, "tuner/epochs": 2, "tuner/initial_epoch": 0, "tuner/bracket": 1, "tuner/round": 0}}, "metrics": {"metrics": {"accuracy": {"direction": "max", "observations": [{"value": [0.7668731212615967], "step": 1}]}, "loss": {"direction": "min", "observations": [{"value": [0.7935340404510498], "step": 1}]}, "val_accuracy": {"direction": "max", "observations": [{"value": [0.8154639601707458], "step": 1}]}, "val_loss": {"direction": "min", "observations": [{"value": [0.7524246573448181], "step": 1}]}}}, "score": 0.8154639601707458, "best_step": 1, "status": "COMPLETED", "message": null}