{"trial_id": "0003", "hyperparameters": {"space": [{"class_name": "Choice", "config": {"name": "learning_rate", "default": 0.001, "conditions": [], "values": [0.001, 0.0001], "ordered": true}}, {"class_name": "Choice", "config": {"name": "filters", "default": 32, "conditions": [], "values": [32, 64], "ordered": true}}, {"class_name": "Choice", "config": {"name": "dropout", "default": 0.25, "conditions": [], "values": [0.25, 0.5], "ordered": true}}], "values": {"learning_rate": 0.001, "filters": 32, "dropout": 0.5, "tuner/epochs": 2, "tuner/initial_epoch": 0, "tuner/bracket": 1, "tuner/round": 0}}, "metrics": {"metrics": {"accuracy": {"direction": "max", "observations": [{"value": [0.7779061198234558], "step": 0}]}, "loss": {"direction": "min", "observations": [{"value": [0.6539896130561829], "step": 0}]}, "val_accuracy": {"direction": "max", "observations": [{"value": [0.7467127442359924], "step": 0}]}, "val_loss": {"direction": "min", "observations": [{"value": [0.6348185539245605], "step": 0}]}}}, "score": 0.7467127442359924, "best_step": 0, "status": "COMPLETED", "message": null}