{"trial_id": "0002", "hyperparameters": {"space": [{"class_name": "Choice", "config": {"name": "embeddim", "default": 128, "conditions": [], "values": [128], "ordered": true}}, {"class_name": "Choice", "config": {"name": "units", "default": 32, "conditions": [], "values": [32, 64], "ordered": true}}, {"class_name": "Choice", "config": {"name": "dropout", "default": 0.25, "conditions": [], "values": [0.25, 0.5], "ordered": true}}, {"class_name": "Choice", "config": {"name": "learning_rate", "default": 0.001, "conditions": [], "values": [0.001, 0.0001], "ordered": true}}], "values": {"embeddim": 128, "units": 64, "dropout": 0.25, "learning_rate": 0.001, "tuner/epochs": 2, "tuner/initial_epoch": 0, "tuner/bracket": 1, "tuner/round": 0}}, "metrics": {"metrics": {"accuracy": {"direction": "max", "observations": [{"value": [0.4824952781200409], "step": 0}]}, "loss": {"direction": "min", "observations": [{"value": [1.1118173599243164], "step": 0}]}, "val_accuracy": {"direction": "max", "observations": [{"value": [0.6292573809623718], "step": 0}]}, "val_loss": {"direction": "min", "observations": [{"value": [0.7390462756156921], "step": 0}]}}}, "score": 0.6292573809623718, "best_step": 0, "status": "COMPLETED", "message": null}