{"ongoing_trials": {}, "hyperparameters": {"space": [{"class_name": "Choice", "config": {"name": "embeddim", "default": 128, "conditions": [], "values": [128], "ordered": true}}, {"class_name": "Choice", "config": {"name": "units", "default": 32, "conditions": [], "values": [32, 64], "ordered": true}}, {"class_name": "Choice", "config": {"name": "dropout", "default": 0.25, "conditions": [], "values": [0.25, 0.5], "ordered": true}}, {"class_name": "Choice", "config": {"name": "learning_rate", "default": 0.001, "conditions": [], "values": [0.001, 0.0001], "ordered": true}}], "values": {"embeddim": 128, "units": 32, "dropout": 0.25, "learning_rate": 0.001}}, "start_order": ["0000", "0001", "0002", "0003", "0004", "0005", "0006", "0007", "0008", "0009"], "end_order": ["0000", "0001", "0002", "0003", "0004", "0005", "0006", "0007", "0008", "0009"], "run_times": {"0000": 1, "0001": 1, "0002": 1, "0003": 1, "0004": 1, "0005": 1, "0006": 1, "0007": 1, "0008": 1, "0009": 1}, "retry_queue": [], "seed": 5454, "seed_state": 5562, "tried_so_far": ["09056b7a6fe43758af900a94f82cab4a", "901d0321cd0ad9da07f16a62c0b842e5", "7df1956381d3db733018c7f734f9cce5", "a98a3cf28bf7042a4086b1e42cae81d6", "83d8513ad623ad3dc5d5edb2106b615d", "88a6d96bc72518972116f61fadaedbe8", "531ba319b228eefa06b30693e33c842c", "9229b98d66f2c9d54cb9d3a0a65f7ac0", "1cf57f47623d65b0ef7309fc91ada4d8", "13ee32403feaa2ed5c97cba49a3c9569"], "id_to_hash": {"0000": "a98a3cf28bf7042a4086b1e42cae81d6", "0001": "88a6d96bc72518972116f61fadaedbe8", "0002": "1cf57f47623d65b0ef7309fc91ada4d8", "0003": "7df1956381d3db733018c7f734f9cce5", "0004": "901d0321cd0ad9da07f16a62c0b842e5", "0005": "09056b7a6fe43758af900a94f82cab4a", "0006": "83d8513ad623ad3dc5d5edb2106b615d", "0007": "531ba319b228eefa06b30693e33c842c", "0008": "9229b98d66f2c9d54cb9d3a0a65f7ac0", "0009": "13ee32403feaa2ed5c97cba49a3c9569"}, "display": {"search_start": "2024-06-05T21:39:36.892354", "trial_start": {"0000": "2024-06-05T21:39:36.892354", "0001": "2024-06-05T22:05:30.442085", "0002": "2024-06-05T22:31:01.521134", "0003": "2024-06-05T22:56:32.645406", "0004": "2024-06-05T23:23:56.282879", "0005": "2024-06-05T23:49:47.112540", "0006": "2024-06-06T00:31:24.911874", "0007": "2024-06-06T01:12:28.013083", "0008": "2024-06-06T02:20:05.556365", "0009": "2024-06-06T03:29:12.988091"}, "trial_number": {"0000": 1, "0001": 2, "0002": 3, "0003": 4, "0004": 5, "0005": 6, "0006": 7, "0007": 8, "0008": 9, "0009": 10}}, "hyperband_iterations": 1, "max_epochs": 5, "min_epochs": 1, "factor": 3, "brackets": [{"bracket_num": 0, "rounds": [[{"past_id": null, "id": "0007"}, {"past_id": null, "id": "0008"}, {"past_id": null, "id": "0009"}]]}], "current_bracket": 0, "current_iteration": 0}