{"trial_id": "0008", "hyperparameters": {"space": [{"class_name": "Choice", "config": {"name": "learning_rate", "default": 0.001, "conditions": [], "values": [0.001, 0.0001], "ordered": true}}, {"class_name": "Choice", "config": {"name": "filters", "default": 32, "conditions": [], "values": [32, 64], "ordered": true}}, {"class_name": "Choice", "config": {"name": "dropout", "default": 0.25, "conditions": [], "values": [0.25, 0.5], "ordered": true}}], "values": {"learning_rate": 0.0001, "filters": 32, "dropout": 0.5, "tuner/epochs": 5, "tuner/initial_epoch": 0, "tuner/bracket": 0, "tuner/round": 0}}, "metrics": {"metrics": {"accuracy": {"direction": "max", "observations": [{"value": [0.7522692084312439], "step": 4}]}, "loss": {"direction": "min", "observations": [{"value": [0.7013788223266602], "step": 4}]}, "val_accuracy": {"direction": "max", "observations": [{"value": [0.8178545832633972], "step": 4}]}, "val_loss": {"direction": "min", "observations": [{"value": [0.6233795285224915], "step": 4}]}}}, "score": 0.8178545832633972, "best_step": 4, "status": "COMPLETED", "message": null}